country,ISO alpha-3 code,UN_region,UN_subregion,year,record,crop_land,grazing_land,forest_land,fishing_ground,built_up_land,carbon,total,Percapita GDP (2010 USD),population
Afghanistan,AFG,Asia,Southern Asia,2014,EFConsPerCap,0.313917307,0.186871411,0.070215378,0.000247764,0.046125014,0.154883189,0.772260062,610.242,31628000
Albania,ALB,Europe,Southern Europe,2014,EFConsPerCap,0.650139557,0.238943601,0.29027192,0.025270675,0.039772281,0.897236602,2.141634637,4413.56,2890000
Algeria,DZA,Africa,Northern Africa,2014,EFConsPerCap,0.582685019,0.183246027,0.173109368,0.01544039,0.028062842,1.46621158,2.448755226,4675.89,38934000
Angola,AGO,Africa,Middle Africa,2014,EFConsPerCap,0.383092755,0.095956366,0.110244086,0.147901522,0.047258079,0.774420571,1.55887338,3747.57,24228000
Antigua and Barbuda,ATG,Latin America and the Caribbean,Caribbean,2014,EFConsPerCap,0,0,0,0,0,0,4.184473747,12403.5,91000
Argentina,ARG,Latin America and the Caribbean,South America,2014,EFConsPerCap,1.129333625,0.842534073,0.245152102,0.086650911,0.105008823,1.281048741,3.689728277,10323.2,42980000
Armenia,ARM,Asia,Western Asia,2014,EFConsPerCap,0.621757962,0.224414498,0.2526928,0.00646562,0.061555927,0.851708106,2.018594914,3827.34,3006000
Aruba,ABW,Latin America and the Caribbean,Caribbean,2014,EFConsPerCap,0,0,0,0,0,0,6.407520227,0,103000
Australia,AUS,Oceania,Australia and New Zealand,2014,EFConsPerCap,0.679401215,0.458460156,0.862707379,0.121740908,0.063370027,4.700066732,6.885746416,54394.3,23622000
Austria,AUT,Europe,Western Europe,2014,EFConsPerCap,0.917244125,0.252585068,0.606396922,0.063573029,0.151161595,3.885462847,5.876423585,47886.6,8517000
Azerbaijan,AZE,Asia,Western Asia,2014,EFConsPerCap,0.54565389,0.216711052,0.092280446,0.008692314,0.046346409,1.259900838,2.169584949,6122.98,9630000
Bahamas,BHS,Latin America and the Caribbean,Caribbean,2014,EFConsPerCap,0.856982141,0.943476647,0.161247245,0.134440463,0.042399646,2.684893456,4.823439598,21078.7,383000
Bahrain,BHR,Asia,Western Asia,2014,EFConsPerCap,0.498442603,0.411851048,0.348516412,0.081978281,0.074089047,7.296194313,8.711071703,22390.7,1362000
Bangladesh,BGD,Asia,Southern Asia,2014,EFConsPerCap,0.33606993,0.004559096,0.081035154,0.021618156,0.078248622,0.273097316,0.794628274,922.161,159078000
Barbados,BRB,Latin America and the Caribbean,Caribbean,2014,EFConsPerCap,0.553213068,0.288556148,0.150359571,0.27018223,0.034084518,2.256499318,3.552894853,15864.6,283000
Belarus,BLR,Europe,Eastern Europe,2014,EFConsPerCap,1.170547809,0.141865813,0.856247425,0.094720912,0.080584021,2.348759357,4.692725336,6664.1,9500000
Belgium,BEL,Europe,Western Europe,2014,EFConsPerCap,1.237543633,0.417202322,0.710225598,0.118249224,0.190681115,4.031706324,6.705608216,44702.3,11226000
Belize,BLZ,Latin America and the Caribbean,Central America,2014,EFConsPerCap,0.412204525,0.209108259,0.349440139,2.139276661,0.000562586,2.083248877,5.193841047,4415.99,352000
Benin,BEN,Africa,Western Africa,2014,EFConsPerCap,0.597803238,0.036474016,0.243562481,0.077677267,0.044122975,0.356046809,1.355686787,833.662,10598000
Bermuda,BMU,North America,North America,2014,EFConsPerCap,0,0,0,0,0,0,6.778905763,0,62000
Bhutan,BTN,Asia,Southern Asia,2014,EFConsPerCap,0.435252879,0.370964059,2.69203679,0.031400104,0.25875461,0.846702552,4.635110994,2500.26,765000
Bolivia,BOL,Latin America and the Caribbean,South America,2014,EFConsPerCap,0.400095826,1.676006191,0.178626942,0.009552047,0.064734735,0.74545503,3.07447077,2317.26,10562000
Bosnia and Herzegovina,BIH,Europe,Southern Europe,2014,EFConsPerCap,0.617889857,0.318028269,0.509831891,0.020668099,0.014372216,1.80948262,3.290272952,4992.91,3818000
Botswana,BWA,Africa,Southern Africa,2014,EFConsPerCap,0.308675817,0.17156262,0.203763042,0.015242275,0.014983594,1.822608916,2.536836265,7574.28,2220000
Brazil,BRA,Latin America and the Caribbean,South America,2014,EFConsPerCap,0.706014878,0.79811565,0.504265875,0.0466384,0.093618999,0.929040734,3.077694535,11866.4,206078000
Brunei Darussalam,BRN,Asia,South-Eastern Asia,2014,EFConsPerCap,0.430962833,0.292903744,0.239123139,0.200700969,0.023872434,4.357838487,5.545401604,33313.8,417000
Bulgaria,BGR,Europe,Eastern Europe,2014,EFConsPerCap,0.607608583,0.133261654,0.288581611,0.030747683,0.160412924,1.948920798,3.169533252,7299.55,7201000
Burkina Faso,BFA,Africa,Western Africa,2014,EFConsPerCap,0.578830029,0.161378041,0.344887146,0.028422653,0.075152199,0.122953376,1.311623444,639.71,17589000
Burundi,BDI,Africa,Eastern Africa,2014,EFConsPerCap,0.220514959,0.061407892,0.254927308,0.003382923,0.034468994,0.030091943,0.604794019,243.102,10817000
Côte d'Ivoire,CIV,Africa,Western Africa,2014,EFConsPerCap,0.544611329,0.039308393,0.237018932,0.123453234,0.088188407,0.271163301,1.303743596,1384.91,22157000
Cabo Verde,CPV,Africa,Western Africa,2014,EFConsPerCap,0,0,0,0,0,0,1.632268238,3369.64,514000
Cambodia,KHM,Asia,South-Eastern Asia,2014,EFConsPerCap,0,0,0,0,0,0,1.317812033,972.979,15328000
Cameroon,CMR,Africa,Middle Africa,2014,EFConsPerCap,0.600418954,0.097241571,0.229636099,0.082567763,0.060076215,0.204179565,1.274120167,1428.22,22773000
Canada,CAN,North America,North America,2014,EFConsPerCap,1.071039044,0.324179318,1.093310651,0.137177992,0.062374002,5.361606628,8.049687636,50067,35588000
Cayman Islands,CYM,Latin America and the Caribbean,Caribbean,2014,EFConsPerCap,0,0,0,0,0,0,5.478265601,0,59000
Central African Republic,CAF,Africa,Middle Africa,2014,EFConsPerCap,0.291587899,0.520574233,0.219948039,0.017722688,0.036480229,0.038263612,1.124576701,302.546,4804000
Chad,TCD,Africa,Middle Africa,2014,EFConsPerCap,0.454073387,0.82006696,0.253603838,0.01417367,0.062813633,0.033884716,1.638616203,967.103,13587000
Chile,CHL,Latin America and the Caribbean,South America,2014,EFConsPerCap,0.510524252,0.415168667,0.994019863,0.223006331,0.108311411,1.775369719,4.026400242,14702,17763000
China,CHN,Asia,Eastern Asia,2014,EFConsPerCap,0.581802669,0.139279972,0.201524997,0.084806494,0.122479064,2.580072223,3.70996542,6108.24,1400602000
Colombia,COL,Latin America and the Caribbean,South America,2014,EFConsPerCap,0.37792367,0.515179266,0.163008808,0.040774159,0.100967946,0.715525098,1.913378947,7291.69,47791000
Comoros,COM,Africa,Eastern Africa,2014,EFConsPerCap,0,0,0,0,0,0,0.845711805,779.84,770000
Congo,COG,Africa,Middle Africa,2014,EFConsPerCap,0.263546141,0.105139208,0.311643793,0.115345537,0.035368991,0.383911224,1.214954894,2922.97,4505000
"Congo, Democratic Republic of",COD,Africa,Middle Africa,2014,EFConsPerCap,0.138499072,0.01232596,0.45953668,0.015741717,0.051289455,0.079322109,0.756714993,378.791,74877000
Cook Islands,COK,Oceania,Polynesia,2014,EFConsPerCap,0,0,0,0,0,0,5.956188429,0,21000
Costa Rica,CRI,Latin America and the Caribbean,Central America,2014,EFConsPerCap,0.346287704,0.221517516,0.693629151,0.085913117,0.103832896,1.059442603,2.510622986,9077.42,4758000
Croatia,HRV,Europe,Southern Europe,2014,EFConsPerCap,0.812008918,0.176259143,0.556692016,0.074304581,0.066924029,1.945851806,3.632040492,13517.8,4256000
Cuba,CUB,Latin America and the Caribbean,Caribbean,2014,EFConsPerCap,0.499563395,0.110695525,0.078662895,0.020467724,0.027870361,1.169212891,1.906472791,6182.77,11379000
Cyprus,CYP,Asia,Western Asia,2014,EFConsPerCap,0,0,0,0,0,0,3.322262164,26977.6,1154000
Czech Republic,CZE,Europe,Eastern Europe,2014,EFConsPerCap,0.872703414,0.302830533,0.785628744,0.034776902,0.152414316,3.451645332,5.599999241,20343.7,10543000
Denmark,DNK,Europe,Northern Europe,2014,EFConsPerCap,1.253462935,0.490182317,1.068026138,0.725167126,0.214075999,3.376198571,7.127113086,59437.9,5647000
Djibouti,DJI,Africa,Eastern Africa,2014,EFConsPerCap,1.722203793,0.261006723,0.293580287,0.034498737,0.203466327,0.422586069,2.937341936,1508.29,876000
Dominica,DMA,Latin America and the Caribbean,Caribbean,2014,EFConsPerCap,0,0,0,0,0,0,2.528567561,6951.03,72000
Dominican Republic,DOM,Latin America and the Caribbean,Caribbean,2014,EFConsPerCap,0.375748,0.114228909,0.109195991,0.033440047,0.052805086,0.903590589,1.589008623,6193.76,10406000
Ecuador,ECU,Latin America and the Caribbean,South America,2014,EFConsPerCap,0.31129936,0.1882282,0.238678551,0.071862493,0.073946622,1.159023818,2.043039044,5428.71,15903000
Egypt,EGY,Africa,Northern Africa,2014,EFConsPerCap,0,0,0,0,0,0,1.984131934,2608.38,89580000
El Salvador,SLV,Latin America and the Caribbean,Central America,2014,EFConsPerCap,0.403070006,0.205709888,0.411378395,0.180847516,0.043906953,0.752881332,1.997794089,3668.2,6108000
Equatorial Guinea,GNQ,Africa,Middle Africa,2014,EFConsPerCap,0.312422564,0.021199995,0.260677684,0.160503738,0.025603543,2.239436681,3.019844205,16028.3,821000
Eritrea,ERI,Africa,Eastern Africa,2014,EFConsPerCap,0.112316273,0.223013372,0.079282146,0.015875344,0.025289253,0.047015551,0.502791938,0,5110000
Estonia,EST,Europe,Northern Europe,2014,EFConsPerCap,0.644639283,0.126057297,2.845912859,0.072063433,0.073213584,3.203387418,6.965273874,17453.4,1316000
Ethiopia,ETH,Africa,Eastern Africa,2014,EFConsPerCap,0.349258894,0.109148095,0.450025026,0.002098243,0.071613153,0.106644071,1.088787481,452.778,96959000
Fiji,FJI,Oceania,Melanesia,2014,EFConsPerCap,0.576446347,0.187675151,0.74824279,1.357714897,0.045640736,0.981558591,3.897278512,4084.2,886000
Finland,FIN,Europe,Northern Europe,2014,EFConsPerCap,1.006771999,0.172300933,0.494217579,0.25096899,0.155198054,4.014663048,6.094120602,45239.4,5480000
France,FRA,Europe,Western Europe,2014,EFConsPerCap,0.949670417,0.262003436,0.522114031,0.205771414,0.164222481,2.594311057,4.698092835,41431,64159000
French Guiana,GUF,Latin America and the Caribbean,South America,2014,EFConsPerCap,0.106051503,0.064110874,0.433611236,0.121882012,0.005633596,1.863262442,2.594551664,35657.5,261000
French Polynesia,PYF,Oceania,Polynesia,2014,EFConsPerCap,0.767588085,0.62012278,0.115157839,0.845386821,0,1.754076421,4.102331946,0,280000
Gabon,GAB,Africa,Middle Africa,2014,EFConsPerCap,0.534796283,0.105332064,0.902084741,0.212526242,0.034340217,0.926120167,2.715199714,9508.15,1688000
Gambia,GMB,Africa,Western Africa,2014,EFConsPerCap,0.3632438,0.043685164,0.19720129,0.100801126,0.020546603,0.239146172,0.964624155,530.318,1928000
Georgia,GEO,Asia,Western Asia,2014,EFConsPerCap,0.353940927,0.258615631,0.147755966,0.012755984,0.030698023,1.093621274,1.897387804,3851.72,4035000
Germany,DEU,Europe,Western Europe,2014,EFConsPerCap,0.914828959,0.170903874,0.51152578,0.051945836,0.156701515,3.24154937,5.047455334,45022.6,80646000
Ghana,GHA,Africa,Western Africa,2014,EFConsPerCap,0.571823215,0.073398855,0.663394834,0.180419476,0.080972525,0.385263375,1.95527228,1659.78,26787000
Greece,GRC,Europe,Southern Europe,2014,EFConsPerCap,1.054703056,0.32764676,0.276551909,0.097899966,0.057068144,2.47973905,4.293608886,22565.7,11001000
Grenada,GRD,Latin America and the Caribbean,Caribbean,2014,EFConsPerCap,0,0,0,0,0,0,3.102874484,7932.67,106000
Guadeloupe,GLP,Latin America and the Caribbean,Caribbean,2014,EFConsPerCap,0.115916974,0.026969028,0.159871661,0.239324761,0.002941259,3.601898971,4.146922653,0,466000
Guatemala,GTM,Latin America and the Caribbean,Central America,2014,EFConsPerCap,0.415715609,0.157623043,0.572433948,0.037990558,0.088553493,0.56726905,1.839585701,3007.9,16015000
Guinea,GIN,Africa,Western Africa,2014,EFConsPerCap,0.405745051,0.383709924,0.419634652,0.04342568,0.04312685,0.166816448,1.462458605,699.964,12276000
Guinea-Bissau,GNB,Africa,Western Africa,2014,EFConsPerCap,0.173052112,0.335934853,0.600608907,0.002003551,0.065965714,0.10200239,1.279567528,545.898,1801000
Guyana,GUY,Latin America and the Caribbean,South America,2014,EFConsPerCap,0.639213443,0.110549009,0.77417085,0.038983033,0.070200824,1.238891428,2.872008587,3598.29,764000
Haiti,HTI,Latin America and the Caribbean,Caribbean,2014,EFConsPerCap,0.350894579,0.036417426,0.096239285,0.017008071,0.035793331,0.13676674,0.673119432,728.78,10572000
Honduras,HND,Latin America and the Caribbean,Central America,2014,EFConsPerCap,0,0,0,0,0,0,1.661326987,2059.47,7962000
Hungary,HUN,Europe,Eastern Europe,2014,EFConsPerCap,0.91137688,0.063842782,0.372966595,0.020787377,0.17978923,2.054976331,3.603739196,14119.1,9890000
India,IND,Asia,Southern Asia,2014,EFConsPerCap,0.334493714,0.007904946,0.128853718,0.016448153,0.049985506,0.582396737,1.120082775,1646.78,1295292000
Indonesia,IDN,Asia,South-Eastern Asia,2014,EFConsPerCap,0.464630141,0.029915277,0.21005249,0.22849741,0.062521244,0.612463151,1.608079712,3692.94,254455000
"Iran, Islamic Republic of",IRN,Asia,Southern Asia,2014,EFConsPerCap,0.565358962,0.090102944,0.058411697,0.136678962,0.0714249,2.48207026,3.404047724,6161.1,78144000
Iraq,IRQ,Asia,Western Asia,2014,EFConsPerCap,0.479828051,0.032526457,0.019095769,0.01175569,0.050620099,1.472860363,2.06668643,5203.44,35273000
Ireland,IRL,Europe,Northern Europe,2014,EFConsPerCap,1.045423834,0.411332701,0.42770127,0.136440491,0.101228202,2.584524091,4.706650589,54527.3,4675000
Israel,ISR,Asia,Western Asia,2014,EFConsPerCap,0.807150691,0.240854679,0.335019231,0.083450037,0.059134658,3.153951409,4.679560706,32661.3,7939000
Italy,ITA,Europe,Southern Europe,2014,EFConsPerCap,0.814513509,0.312491956,0.461416287,0.128279298,0.049013711,2.526395252,4.292110012,33626.1,59821000
Jamaica,JAM,Latin America and the Caribbean,Caribbean,2014,EFConsPerCap,0.427423142,0.077263287,0.181303604,0.080869181,0.045566433,0.960811098,1.773236744,4714.86,2783000
Japan,JPN,Asia,Eastern Asia,2014,EFConsPerCap,0.463006883,0.108003985,0.251481563,0.339120243,0.058817816,3.523814043,4.744244534,46466.1,126795000
Jordan,JOR,Asia,Western Asia,2014,EFConsPerCap,0.496958089,0.140427947,0.180530126,0.031659654,0.073825567,1.212657161,2.136058544,3348.83,7416000
Kazakhstan,KAZ,Asia,Central Asia,2014,EFConsPerCap,0.947307164,0.185312933,0.110009523,0.02595459,0.039621473,4.505138478,5.813344162,10645.5,17372000
Kenya,KEN,Africa,Eastern Africa,2014,EFConsPerCap,0.255564549,0.227882942,0.260645028,0.043659183,0.043260794,0.208100254,1.039112749,1075.64,44864000
Kiribati,KIR,Oceania,Micronesia,2014,EFConsPerCap,0,0,0,0,0,0,5.843356484,1565.24,110000
"Korea, Democratic People's Republic of",PRK,Asia,Eastern Asia,2014,EFConsPerCap,0.285597699,0.001652778,0.137451343,0.024360631,0.058324752,2.365206457,2.87259366,0,25027000
"Korea, Republic of",KOR,Asia,Eastern Asia,2014,EFConsPerCap,0.712895527,0.126808448,0.216904768,0.478766875,0.061556417,4.218783913,5.815715949,24323.6,50074000
Kuwait,KWT,Asia,Western Asia,2014,EFConsPerCap,0.623584595,0.311122247,0.199018623,0.076059862,0.243153033,6.196214233,7.649152593,36259.4,3753000
Kyrgyzstan,KGZ,Asia,Central Asia,2014,EFConsPerCap,0.458373688,0.224243148,0.111094061,0.016009737,0.062530172,0.880820543,1.753071348,1003.51,5844000
Lao People's Democratic Republic,LAO,Asia,South-Eastern Asia,2014,EFConsPerCap,0.769501391,0.122167429,0.573655691,0.020102747,0.146023672,0.152551125,1.784002054,1470.5,6689000
Latvia,LVA,Europe,Northern Europe,2014,EFConsPerCap,0.981874069,0.156168386,2.421409582,0.20763863,0.056018587,1.802686139,5.625795393,13786.4,1989000
Lebanon,LBN,Asia,Western Asia,2014,EFConsPerCap,0.596831173,0.26485523,0.225210765,0.049919363,0.06503351,2.152040576,3.353890617,7447.36,5612000
Lesotho,LSO,Africa,Southern Africa,2014,EFConsPerCap,0.196622098,0.330424127,0.400714155,0.010640138,0.009969924,0.514040806,1.462411247,1323.24,2109000
Liberia,LBR,Africa,Western Africa,2014,EFConsPerCap,0.230192424,0.029530526,0.766741005,0.046060996,0.034128308,0.088534406,1.195187664,376.589,4397000
Libyan Arab Jamahiriya,LBY,Africa,Northern Africa,2014,EFConsPerCap,0.909503867,0.363324667,0.121528862,0.098825448,0.020214543,2.820988783,4.33438617,0,6259000
Lithuania,LTU,Europe,Northern Europe,2014,EFConsPerCap,1.313571752,0.240018845,1.407349091,0.372289883,0.099140443,2.364503694,5.796873709,14932.6,2917000
Luxembourg,LUX,Europe,Western Europe,2014,EFConsPerCap,1.087503449,0.715657307,0.785595156,0.147009006,0.101361259,9.447715944,12.28484212,107153,557000
Macedonia TFYR,MKD,Europe,Southern Europe,2014,EFConsPerCap,0.688374263,0.225748592,0.292605057,0.032882289,0.028835401,1.813081548,3.081527149,4920.22,2076000
Madagascar,MDG,Africa,Eastern Africa,2014,EFConsPerCap,0.250310899,0.342522859,0.229538627,0.02253514,0.055661637,0.076018481,0.976587643,408.661,23572000
Malawi,MWI,Africa,Eastern Africa,2014,EFConsPerCap,0.440443421,0.052325219,0.186187793,0.013002072,0.056335896,0.075908381,0.824202782,484.369,16695000
Malaysia,MYS,Asia,South-Eastern Asia,2014,EFConsPerCap,0.643667627,0.134253243,0.350501929,0.413962016,0.075265005,2.804944278,4.422594097,10398.2,29902000
Mali,MLI,Africa,Western Africa,2014,EFConsPerCap,0.531521235,0.581929448,0.158668245,0.034114561,0.072218115,0.159637762,1.538089365,705.788,17086000
Malta,MLT,Europe,Southern Europe,2014,EFConsPerCap,0.803425146,0.345544049,0.211646263,0.530405728,0.050797607,2.946725422,4.888544214,24080.2,418000
Martinique,MTQ,Latin America and the Caribbean,Caribbean,2014,EFConsPerCap,0,0,0,0,0,0,4.467807219,0,396000
Mauritania,MRT,Africa,Western Africa,2014,EFConsPerCap,0.400125774,1.318511397,0.204025624,0.008611029,0.049244366,0.322718412,2.303236601,1326.16,3970000
Mauritius,MUS,Africa,Eastern Africa,2014,EFConsPerCap,0,0,0,0,0,0,3.495044293,9163.63,1269000
Mexico,MEX,Latin America and the Caribbean,Central America,2014,EFConsPerCap,0.504132909,0.245427854,0.25029523,0.07777437,0.04584779,1.425100202,2.548578354,9492.99,125386000
"Micronesia, Federated States of",FSM,Oceania,Micronesia,2014,EFConsPerCap,0,0,0,0,0,0,5.68478836,2716.32,104000
Moldova,MDA,Europe,Eastern Europe,2014,EFConsPerCap,0.665640638,0.068999175,0.226125727,0.05602529,0.055023732,0.85557045,1.927385013,1986.94,4072000
Mongolia,MNG,Asia,Eastern Asia,2014,EFConsPerCap,0.28378191,4.589000451,0.162906106,0.003872621,0.065673785,4.394634697,9.49986957,3901.87,2910000
Montenegro,MNE,Europe,Southern Europe,2014,EFConsPerCap,0.573663759,0.277866212,0.513345869,0.054389386,0.020571218,1.976866301,3.416702745,7045.12,625000
Montserrat,MSR,Latin America and the Caribbean,Caribbean,2014,EFConsPerCap,0,0,0,0,0,0,4.626123841,0,5000
Morocco,MAR,Africa,Northern Africa,2014,EFConsPerCap,0.590844519,0.164801894,0.154808989,0.089320072,0.040529811,0.709257299,1.749562583,3110.21,33921000
Mozambique,MOZ,Africa,Eastern Africa,2014,EFConsPerCap,0.283779367,0.030674128,0.271216133,0.027493184,0.049996915,0.206527484,0.869687212,493.252,27216000
Myanmar,MMR,Asia,South-Eastern Asia,2014,EFConsPerCap,0.860316638,0.005477577,0.331934638,0.051331445,0.119043048,0.180574439,1.548677784,1266.12,53437000
Namibia,NAM,Africa,Southern Africa,2014,EFConsPerCap,0.335598007,0.169916452,0.243692854,0.246360827,0.019803384,1.07122395,2.086595475,5901.24,2403000
Nepal,NPL,Asia,Southern Asia,2014,EFConsPerCap,0.439560727,0.060005418,0.209811332,0.004817574,0.109888903,0.20226059,1.026344543,675.735,28175000
Netherlands,NLD,Europe,Western Europe,2014,EFConsPerCap,0.996576422,0.506549335,0.39778142,0.077867817,0.08940336,3.855294733,5.923473087,50497.2,16868000
Nicaragua,NIC,Latin America and the Caribbean,Central America,2014,EFConsPerCap,0.287030725,0.255036469,0.418839559,0.030580757,0.043130525,0.440609171,1.475227205,1812.99,6014000
Niger,NER,Africa,Western Africa,2014,EFConsPerCap,0.903220857,0.452335704,0.244835437,0.024510238,0.041633506,0.088647017,1.755182759,386.726,19114000
Nigeria,NGA,Africa,Western Africa,2014,EFConsPerCap,0.539949746,0.094684026,0.187596774,0.060936117,0.05233098,0.179809136,1.115306778,2563.09,177476000
Norway,NOR,Europe,Northern Europe,2014,EFConsPerCap,0.965323944,0.327358839,0.895567858,1.003321133,0.05521287,2.78596179,6.032746434,89275,5148000
Oman,OMN,Asia,Western Asia,2014,EFConsPerCap,0.452703132,0.340214874,0.151006765,0.335028682,0.184942117,4.851856688,6.315752258,17132.1,4236000
Pakistan,PAK,Asia,Southern Asia,2014,EFConsPerCap,0.312222434,0.001096922,0.082634586,0.0140419,0.042505098,0.336160722,0.788661662,1111.2,185044000
Panama,PAN,Latin America and the Caribbean,Central America,2014,EFConsPerCap,0.358272813,0.40328326,0.180740459,0.329823278,0.026672347,1.026086183,2.32487834,10229.2,3868000
Papua New Guinea,PNG,Oceania,Melanesia,2014,EFConsPerCap,0.33149305,0.040738616,0.359939649,0.702359781,0.156084387,0.258612729,1.849228212,2271.48,7464000
Paraguay,PRY,Latin America and the Caribbean,South America,2014,EFConsPerCap,0.776196821,1.446684986,0.871800993,0.007932602,0.123533305,0.449585218,3.675733926,3761.91,6553000
Peru,PER,Latin America and the Caribbean,South America,2014,EFConsPerCap,0.456103457,0.491086016,0.185732636,0.364451206,0.067697847,0.729166309,2.294237472,5823.96,30973000
Philippines,PHL,Asia,South-Eastern Asia,2014,EFConsPerCap,0.35708093,0.02580577,0.093490062,0.204391058,0.060056538,0.363465359,1.104289718,2505.82,99139000
Poland,POL,Europe,Eastern Europe,2014,EFConsPerCap,0.836747909,0.046973971,0.844607146,0.07046321,0.088710762,2.555116661,4.442619659,14088.7,38620000
Portugal,PRT,Europe,Southern Europe,2014,EFConsPerCap,0.838881159,0.27329386,0.137646374,0.325768577,0.024468741,2.087817774,3.687876485,21533.5,10402000
Qatar,QAT,Asia,Western Asia,2014,EFConsPerCap,0.491825362,0.302089604,0.203046804,0.190718122,0.052148931,14.41415298,15.65398181,67901.2,2172000
Réunion,REU,Africa,Eastern Africa,2014,EFConsPerCap,0,0,0,0,0,0,5.433471441,0,855000
Romania,ROU,Europe,Eastern Europe,2014,EFConsPerCap,0.793326417,0.067791767,0.349461384,0.036216794,0.159545909,1.39218242,2.798524692,9158.52,19652000
Russian Federation,RUS,Europe,Eastern Europe,2014,EFConsPerCap,0.9247617,0.146556739,0.683847511,0.198161059,0.037207863,3.577685167,5.568220041,11493.7,143429000
Rwanda,RWA,Africa,Eastern Africa,2014,EFConsPerCap,0.351889107,0.034859483,0.247591545,0.012236618,0.047568212,0.08108654,0.775231504,672.749,11342000
Saint Lucia,LCA,Latin America and the Caribbean,Caribbean,2014,EFConsPerCap,0.369771635,0.102309454,0.109695202,0.250906776,0.001923422,1.216737038,2.051343528,7987.53,184000
Samoa,WSM,Oceania,Polynesia,2014,EFConsPerCap,0,0,0,0,0,0,2.386064846,3524.6,192000
Sao Tome and Principe,STP,Africa,Middle Africa,2014,EFConsPerCap,0,0,0,0,0,0,1.785786411,1241,186000
Saudi Arabia,SAU,Asia,Western Asia,2014,EFConsPerCap,0.744028376,0.237494406,0.217068237,0.079347718,0.024575796,4.700114801,6.002629332,21183.5,30887000
Senegal,SEN,Africa,Western Africa,2014,EFConsPerCap,0.3207615,0.188025582,0.199600612,0.108771516,0.026325066,0.268507428,1.111991705,1018.39,14673000
Serbia,SRB,Europe,Southern Europe,2014,EFConsPerCap,0.806878115,0.006191772,0.485201537,0.029192916,0.064315749,1.526936958,2.918717046,5593.06,8893000
Sierra Leone,SLE,Africa,Western Africa,2014,EFConsPerCap,0.505306432,0.10752199,0.361930843,0.110927366,0.05946452,0.081722055,1.226873206,563.174,6316000
Singapore,SGP,Asia,South-Eastern Asia,2014,EFConsPerCap,0.583682877,0.236097871,0.346808203,0.234337289,0.042258644,4.414203166,5.85738805,51865.7,5507000
Slovakia,SVK,Europe,Eastern Europe,2014,EFConsPerCap,0.650187386,0.132817245,0.674869541,0.042101587,0.125234131,2.570335624,4.195545513,18003.5,5423000
Slovenia,SVN,Europe,Southern Europe,2014,EFConsPerCap,0.656669925,0.182056083,0.93016321,0.046552405,0.024921849,2.835090886,4.675454359,23224.4,2066000
Somalia,SOM,Africa,Eastern Africa,2014,EFConsPerCap,0.129076617,0.458285134,0.530630235,0.005757385,0.032934289,0.05218164,1.2088653,0,10518000
South Africa,ZAF,Africa,Southern Africa,2014,EFConsPerCap,0.33380893,0.109995929,0.233864395,0.08896153,0.035049346,2.613698791,3.415378922,7626.81,53969000
South Sudan,SSD,Africa,Northern Africa,2014,EFConsPerCap,0.310986686,0.989305571,0.14595795,0.004936123,0.047568176,0.043334819,1.542089326,820.114,11911000
Spain,ESP,Europe,Southern Europe,2014,EFConsPerCap,0.842889373,0.148714572,0.210784216,0.376544602,0.038755653,2.188254632,3.805943048,29496.4,46260000
Sri Lanka,LKA,Asia,Southern Asia,2014,EFConsPerCap,0.347169539,0.010432158,0.176876145,0.280805249,0.056385407,0.660300913,1.531969411,3506.73,20619000
Sudan,SDN,Africa,Northern Africa,2014,EFConsPerCap,0.526948508,0.346907924,0.177520572,0.001111532,0.038348491,0.127489324,1.21832635,1837.14,39350000
Suriname,SUR,Latin America and the Caribbean,South America,2014,EFConsPerCap,0.551988645,0.08517688,0.54885757,0.210465059,0.095743393,2.143158259,3.635389806,8942.96,538000
Swaziland,SWZ,Africa,Southern Africa,2014,EFConsPerCap,0.340087461,0.41564807,0.849963772,0.019015149,0.070146186,0.703234681,2.398095319,3980.77,1269000
Sweden,SWE,Europe,Northern Europe,2014,EFConsPerCap,1.016282362,0.42485415,1.610214633,0.14508236,0.140698795,3.253922789,6.591055088,53561.9,9703000
Switzerland,CHE,Europe,Western Europe,2014,EFConsPerCap,0.663587536,0.219505448,0.346129233,0.071217293,0.068338712,3.481661911,4.850440134,76410.9,8211000
Syrian Arab Republic,SYR,Asia,Western Asia,2014,EFConsPerCap,0.515147484,0.097075709,0.02925628,0.010582358,0.029263567,0.779250611,1.46057601,0,18772000
Tajikistan,TJK,Asia,Central Asia,2014,EFConsPerCap,0.423869949,0.137678745,0.112038277,0.002655051,0.093521232,0.198683984,0.968447238,892.64,8296000
"Tanzania, United Republic of",TZA,Africa,Eastern Africa,2014,EFConsPerCap,0.612631143,0.31317351,0.218834096,0.073588255,0.083787092,0.164749121,1.466763219,806.15,51823000
Thailand,THA,Asia,South-Eastern Asia,2014,EFConsPerCap,0.643242552,0.017009642,0.200763628,0.138787416,0.069450788,1.423195687,2.492449712,5589.7,67726000
Timor-Leste,TLS,Asia,South-Eastern Asia,2014,EFConsPerCap,0.258862043,0.064299391,0.038772658,0.02426501,0.040712254,0.13944569,0.566357047,893.872,1157000
Togo,TGO,Africa,Western Africa,2014,EFConsPerCap,0.386854356,0.097943221,0.250733932,0.060641336,0.026387066,0.284213618,1.106773529,531.156,7115000
Tonga,TON,Oceania,Polynesia,2014,EFConsPerCap,0,0,0,0,0,0,3.302010847,3581.84,106000
Trinidad and Tobago,TTO,Latin America and the Caribbean,Caribbean,2014,EFConsPerCap,0.482632085,0.19397597,0.390380551,0.124375121,0.001308062,5.4969433,6.689615088,16862.6,1354000
Tunisia,TUN,Africa,Northern Africa,2014,EFConsPerCap,0.650371064,0.089719548,0.250720352,0.074040809,0.02675763,1.080730411,2.172339815,4265.15,11130000
Turkey,TUR,Asia,Western Asia,2014,EFConsPerCap,0.802071787,0.108725564,0.321545394,0.029696491,0.034092161,1.911729273,3.20786067,13312,77524000
Turkmenistan,TKM,Asia,Central Asia,2014,EFConsPerCap,0.543978495,0.582312505,0.085601571,0.007457058,0.070976808,4.272752261,5.563078698,6399.27,5307000
Uganda,UGA,Africa,Eastern Africa,2014,EFConsPerCap,0.294869642,0.144744445,0.513101029,0.09728994,0.035847523,0.10109529,1.186947869,642.877,37783000
Ukraine,UKR,Europe,Eastern Europe,2014,EFConsPerCap,1.020675063,0.016056752,0.146292672,0.076234748,0.083908296,1.620827308,2.963994838,3123.92,45002000
United Arab Emirates,ARE,Asia,Western Asia,2014,EFConsPerCap,0.839851395,0.244828637,0.512796903,0.301698174,0,7.853405746,9.752580855,39034.4,9086000
United Kingdom,GBR,Europe,Northern Europe,2014,EFConsPerCap,0.83242341,0.249947415,0.483055357,0.081926234,0.15563516,2.996228558,4.799216134,40908.7,64331000
United States of America,USA,North America,North America,2014,EFConsPerCap,1.039327115,0.298852503,0.831752575,0.13521935,0.083459448,5.977440568,8.366051558,50782.5,319449000
Uruguay,URY,Latin America and the Caribbean,South America,2014,EFConsPerCap,0.236225377,1.357100891,0.39014977,0.054283664,0.145689415,0.797733295,2.981182412,13856.7,3420000
Uzbekistan,UZB,Asia,Central Asia,2014,EFConsPerCap,0.584944705,0.175285557,0.092747,0.005296216,0.080183451,1.232248958,2.170705887,1744.49,29470000
Vanuatu,VUT,Oceania,Melanesia,2014,EFConsPerCap,0,0,0,0,0,0,3.796226007,2909.78,259000
"Venezuela, Bolivarian Republic of",VEN,Latin America and the Caribbean,South America,2014,EFConsPerCap,0.459584486,0.766616908,0.113567626,0.081115669,0.034962785,1.815395894,3.271243368,13709,30694000
Viet Nam,VNM,Asia,South-Eastern Asia,2014,EFConsPerCap,0.589836233,0.010110342,0.188275043,0.046560645,0.112355596,0.786935951,1.73407381,1596.35,92423000
Yemen,YEM,Asia,Western Asia,2014,EFConsPerCap,0.264564789,0.139436055,0.041573599,0.03982264,0.029481749,0.49305082,1.007929652,1101.12,26184000
Zambia,ZMB,Africa,Eastern Africa,2014,EFConsPerCap,0.199359561,0.159753857,0.303949266,0.034802299,0.039779961,0.216313951,0.953958895,1620.82,15721000
Zimbabwe,ZWE,Africa,Eastern Africa,2014,EFConsPerCap,0.157530302,0.288169511,0.266993099,0.007962904,0.018115059,0.349361925,1.0881328,939.78,15246000
