country,UN_region,year,BC_crop_land,BC_grazing_land,BC_forest_land,BC_fishing_ground,BC_built_up_land,BC_total,EF_crop_land,EF_grazing_land,EF_forest_land,EF_fishing_ground,EF_built_up_land,EF_total,population
Afghanistan,Asia,2014,0.251691077,0.187020286,0.019240324,0,0.046125014,0.504076701,0.313917307,0.186871411,0.070215378,0.000247764,0.046125014,0.772260062,31628000
Albania,Europe,2014,0.395455656,0.21857232,0.315863091,0.081883656,0.039772281,1.051547003,0.650139557,0.238943601,0.29027192,0.025270675,0.039772281,2.141634637,2890000
Algeria,Africa,2014,0.202869592,0.274074612,0.028272274,0.008251253,0.028062842,0.541530572,0.582685019,0.183246027,0.173109368,0.01544039,0.028062842,2.448755226,38934000
Angola,Africa,2014,0.24950477,1.229495166,0.53937284,0.22470559,0.047258079,2.290336445,0.383092755,0.095956366,0.110244086,0.147901522,0.047258079,1.55887338,24228000
Antigua and Barbuda,Latin America and the Caribbean,2014,0,0,0,0,0,0.933321582,0,0,0,0,0,4.184473747,91000
Argentina,Latin America and the Caribbean,2014,2.588882258,1.792340705,0.610837954,1.611977007,0.105008823,6.709046747,1.129333625,0.842534073,0.245152102,0.086650911,0.105008823,3.689728277,42980000
Armenia,Asia,2014,0.353566421,0.261703193,0.093546309,0.01553377,0.061555927,0.78590562,0.621757962,0.224414498,0.2526928,0.00646562,0.061555927,2.018594914,3006000
Aruba,Latin America and the Caribbean,2014,0,0,0,0,0,0.571144371,0,0,0,0,0,6.407520227,103000
Australia,Oceania,2014,2.36218343,5.732847304,1.954944064,3.137665027,0.063370027,13.25100985,0.679401215,0.458460156,0.862707379,0.121740908,0.063370027,6.885746416,23622000
Austria,Europe,2014,0.696275871,0.149234766,2.014664741,0.003093079,0.151161595,3.014430052,0.917244125,0.252585068,0.606396922,0.063573029,0.151161595,5.876423585,8517000
Azerbaijan,Asia,2014,0.336213487,0.194118536,0.113214161,0.015032555,0.046346409,0.704925149,0.54565389,0.216711052,0.092280446,0.008692314,0.046346409,2.169584949,9630000
Bahamas,Latin America and the Caribbean,2014,0.049459591,0.002386611,1.139340399,8.106362114,0.042399646,9.339948362,0.856982141,0.943476647,0.161247245,0.134440463,0.042399646,4.823439598,383000
Bahrain,Asia,2014,0.00847075,0,0.000814141,0.451329674,0.074089047,0.534703612,0.498442603,0.411851048,0.348516412,0.081978281,0.074089047,8.711071703,1362000
Bangladesh,Asia,2014,0.271160639,0.003272654,0.004030504,0.052433937,0.078248622,0.409146356,0.33606993,0.004559096,0.081035154,0.021618156,0.078248622,0.794628274,159078000
Barbados,Latin America and the Caribbean,2014,0.063847319,0.00322606,0.018839857,0.043917094,0.034084518,0.163914849,0.553213068,0.288556148,0.150359571,0.27018223,0.034084518,3.552894853,283000
Belarus,Europe,2014,1.380207191,0.271239178,1.684471114,0.018151554,0.080584021,3.434653059,1.170547809,0.141865813,0.856247425,0.094720912,0.080584021,4.692725336,9500000
Belgium,Europe,2014,0.397274242,0.032348519,0.275633307,0.043178824,0.190681115,0.939116008,1.237543633,0.417202322,0.710225598,0.118249224,0.190681115,6.705608216,11226000
Belize,Latin America and the Caribbean,2014,0.537233108,0.213426666,2.196911298,1.028453174,0.000562586,3.976586831,0.412204525,0.209108259,0.349440139,2.139276661,0.000562586,5.193841047,352000
Benin,Africa,2014,0.526021063,0.035140561,0.309530356,0.021470755,0.044122975,0.93628571,0.597803238,0.036474016,0.243562481,0.077677267,0.044122975,1.355686787,10598000
Bermuda,North America,2014,0,0,0,0,0,0.138041268,0,0,0,0,0,6.778905763,62000
Bhutan,Asia,2014,0.286498676,0.338065611,4.245713972,0.013313663,0.25875461,5.142346533,0.435252879,0.370964059,2.69203679,0.031400104,0.25875461,4.635110994,765000
Bolivia,Latin America and the Caribbean,2014,0.677363278,2.182649876,13.50984094,0.053194296,0.064734735,16.48778313,0.400095826,1.676006191,0.178626942,0.009552047,0.064734735,3.07447077,10562000
Bosnia and Herzegovina,Europe,2014,0.278773635,0.188779869,1.127376419,0.003120516,0.014372216,1.612422655,0.617889857,0.318028269,0.509831891,0.020668099,0.014372216,3.290272952,3818000
Botswana,Africa,2014,0.050001841,2.265173347,0.555452468,0.248447031,0.014983594,3.134058281,0.308675817,0.17156262,0.203763042,0.015242275,0.014983594,2.536836265,2220000
Brazil,Latin America and the Caribbean,2014,1.130654383,0.972521971,6.490059901,0.165511156,0.093618999,8.852366409,0.706014878,0.79811565,0.504265875,0.0466384,0.093618999,3.077694535,206078000
Brunei Darussalam,Asia,2014,0.016907585,0.010929711,1.53890609,1.239506187,0.023872434,2.830122007,0.430962833,0.292903744,0.239123139,0.200700969,0.023872434,5.545401604,417000
Bulgaria,Europe,2014,1.775250054,0.066787269,1.212419976,0.121231012,0.160412924,3.336101235,0.607608583,0.133261654,0.288581611,0.030747683,0.160412924,3.169533252,7201000
Burkina Faso,Africa,2014,0.646450496,0.16071149,0.231364491,0.001296073,0.075152199,1.114974748,0.578830029,0.161378041,0.344887146,0.028422653,0.075152199,1.311623444,17589000
Burundi,Africa,2014,0.212892808,0.060671284,0.008633238,0.007308351,0.034468994,0.323974676,0.220514959,0.061407892,0.254927308,0.003382923,0.034468994,0.604794019,10817000
Côte d'Ivoire,Africa,2014,0.899267883,0.526154473,0.423206522,0.037544287,0.088188407,1.974361572,0.544611329,0.039308393,0.237018932,0.123453234,0.088188407,1.303743596,22157000
Cabo Verde,Africa,2014,0,0,0,0,0,0.602903885,0,0,0,0,0,1.632268238,514000
Cambodia,Asia,2014,0,0,0,0,0,1.108491962,0,0,0,0,0,1.317812033,15328000
Cameroon,Africa,2014,0.603036548,0.091767152,0.847776623,0.0744276,0.060076215,1.677084138,0.600418954,0.097241571,0.229636099,0.082567763,0.060076215,1.274120167,22773000
Canada,North America,2014,2.680989815,0.287491787,8.849942308,3.368667392,0.062374002,15.2494653,1.071039044,0.324179318,1.093310651,0.137177992,0.062374002,8.049687636,35588000
Cayman Islands,Latin America and the Caribbean,2014,0,0,0,0,0,0.308809547,0,0,0,0,0,5.478265601,59000
Central African Republic,Africa,2014,0.281430111,0.540059331,6.504782177,0,0.036480229,7.362751848,0.291587899,0.520574233,0.219948039,0.017722688,0.036480229,1.124576701,4804000
Chad,Africa,2014,0.442676124,1.061442689,0.35866436,0.067113316,0.062813633,1.992710123,0.454073387,0.82006696,0.253603838,0.01417367,0.062813633,1.638616203,13587000
Chile,Latin America and the Caribbean,2014,0.326726464,0.44466666,2.212121467,0.377413818,0.108311411,3.46923982,0.510524252,0.415168667,0.994019863,0.223006331,0.108311411,4.026400242,17763000
China,Asia,2014,0.480241556,0.104179915,0.224600007,0.043792252,0.122479064,0.975292794,0.581802669,0.139279972,0.201524997,0.084806494,0.122479064,3.70996542,1400602000
Colombia,Latin America and the Caribbean,2014,0.264543703,1.203520871,2.070103667,0.068873295,0.100967946,3.708009483,0.37792367,0.515179266,0.163008808,0.040774159,0.100967946,1.913378947,47791000
Comoros,Africa,2014,0,0,0,0,0,0.334159352,0,0,0,0,0,0.845711805,770000
Congo,Africa,2014,0.145769545,2.975135568,6.988249841,0.343191107,0.035368991,10.48771505,0.263546141,0.105139208,0.311643793,0.115345537,0.035368991,1.214954894,4505000
"Congo, Democratic Republic of",Africa,2014,0.12128034,0.283237673,2.185928856,0.040862775,0.051289455,2.682599099,0.138499072,0.01232596,0.45953668,0.015741717,0.051289455,0.756714993,74877000
Cook Islands,Oceania,2014,0,0,0,0,0,1.195920172,0,0,0,0,0,5.956188429,21000
Costa Rica,Latin America and the Caribbean,2014,0.410395689,0.303944103,0.645637339,0.120995685,0.103832896,1.584805712,0.346287704,0.221517516,0.693629151,0.085913117,0.103832896,2.510622986,4758000
Croatia,Europe,2014,0.707058674,0.324949761,1.555020459,0.339775731,0.066924029,2.993728654,0.812008918,0.176259143,0.556692016,0.074304581,0.066924029,3.632040492,4256000
Cuba,Latin America and the Caribbean,2014,0.278231007,0.090336658,0.233695729,0.165022492,0.027870361,0.795156247,0.499563395,0.110695525,0.078662895,0.020467724,0.027870361,1.906472791,11379000
Cyprus,Asia,2014,0,0,0,0,0,0.243908148,0,0,0,0,0,3.322262164,1154000
Czech Republic,Europe,2014,1.111152305,0.070137327,1.317886423,0.002016028,0.152414316,2.653606398,0.872703414,0.302830533,0.785628744,0.034776902,0.152414316,5.599999241,10543000
Denmark,Europe,2014,2.061550175,0.00767642,0.33856948,1.803498451,0.214075999,4.425370526,1.253462935,0.490182317,1.068026138,0.725167126,0.214075999,7.127113086,5647000
Djibouti,Africa,2014,0.017662544,0.230677638,0.002199198,0.298884397,0.203466327,0.752890104,1.722203793,0.261006723,0.293580287,0.034498737,0.203466327,2.937341936,876000
Dominica,Latin America and the Caribbean,2014,0,0,0,0,0,1.049555575,0,0,0,0,0,2.528567561,72000
Dominican Republic,Latin America and the Caribbean,2014,0.249682211,0.110682757,0.158363519,0.024213031,0.052805086,0.595746604,0.375748,0.114228909,0.109195991,0.033440047,0.052805086,1.589008623,10406000
Ecuador,Latin America and the Caribbean,2014,0.363882251,0.18591085,1.34210089,0.105493917,0.073946622,2.071334529,0.31129936,0.1882282,0.238678551,0.071862493,0.073946622,2.043039044,15903000
Egypt,Africa,2014,0,0,0,0,0,0.473452314,0,0,0,0,0,1.984131934,89580000
El Salvador,Latin America and the Caribbean,2014,0.258053147,0.1534627,0.04263535,0.115858751,0.043906953,0.6139169,0.403070006,0.205709888,0.411378395,0.180847516,0.043906953,1.997794089,6108000
Equatorial Guinea,Africa,2014,0.124190568,0.132756097,2.710555414,0.913622752,0.025603543,3.906728373,0.312422564,0.021199995,0.260677684,0.160503738,0.025603543,3.019844205,821000
Eritrea,Africa,2014,0.081795576,0.223336593,0.101964509,1.121619081,0.025289253,1.554005012,0.112316273,0.223013372,0.079282146,0.015875344,0.025289253,0.502791938,5110000
Estonia,Europe,2014,1.227841063,0.085793368,4.015790354,4.326054289,0.073213584,9.728692658,0.644639283,0.126057297,2.845912859,0.072063433,0.073213584,6.965273874,1316000
Ethiopia,Africa,2014,0.35643242,0.115087319,0.044212207,0.039553169,0.071613153,0.626898268,0.349258894,0.109148095,0.450025026,0.002098243,0.071613153,1.088787481,96959000
Fiji,Oceania,2014,0.298339771,0.090239258,1.286932072,0.650418248,0.045640736,2.371570085,0.576446347,0.187675151,0.74824279,1.357714897,0.045640736,3.897278512,886000
Finland,Europe,2014,0.877661268,0.047344169,9.477649474,2.3064549,0.155198054,12.86430787,1.006771999,0.172300933,0.494217579,0.25096899,0.155198054,6.094120602,5480000
France,Europe,2014,1.332077679,0.159239645,0.957672576,0.112552391,0.164222481,2.725764771,0.949670417,0.262003436,0.522114031,0.205771414,0.164222481,4.698092835,64159000
French Guiana,Latin America and the Caribbean,2014,0.106051503,0.064110874,87.61616996,15.06795922,0.005633596,102.8599252,0.106051503,0.064110874,0.433611236,0.121882012,0.005633596,2.594551664,261000
French Polynesia,Oceania,2014,0.203573103,0.032675593,0.707486139,0.415900899,0,1.359635734,0.767588085,0.62012278,0.115157839,0.845386821,0,4.102331946,280000
Gabon,Africa,2014,0.258422423,3.510860869,19.03008796,2.862054244,0.034340217,25.69576571,0.534796283,0.105332064,0.902084741,0.212526242,0.034340217,2.715199714,1688000
Gambia,Africa,2014,0.166488006,0.036581652,0.189759297,0.299358727,0.020546603,0.712734285,0.3632438,0.043685164,0.19720129,0.100801126,0.020546603,0.964624155,1928000
Georgia,Asia,2014,0.13254871,0.394555049,0.648434635,0.049078733,0.030698023,1.25531515,0.353940927,0.258615631,0.147755966,0.012755984,0.030698023,1.897387804,4035000
Germany,Europe,2014,0.805887552,0.064127484,0.688715355,0.075076886,0.156701515,1.790508793,0.914828959,0.170903874,0.51152578,0.051945836,0.156701515,5.047455334,80646000
Ghana,Africa,2014,0.704182546,0.243915151,0.274124782,0.05745944,0.080972525,1.360654444,0.571823215,0.073398855,0.663394834,0.180419476,0.080972525,1.95527228,26787000
Greece,Europe,2014,0.995684472,0.144112591,0.231897469,0.175215822,0.057068144,1.603978498,1.054703056,0.32764676,0.276551909,0.097899966,0.057068144,4.293608886,11001000
Grenada,Latin America and the Caribbean,2014,0,0,0,0,0,2.176618455,0,0,0,0,0,3.102874484,106000
Guadeloupe,Latin America and the Caribbean,2014,0.115178629,0.026969028,0.132142361,0.178567456,0.002941259,0.455798733,0.115916974,0.026969028,0.159871661,0.239324761,0.002941259,4.146922653,466000
Guatemala,Latin America and the Caribbean,2014,0.450778347,0.150137888,0.314556798,0.044410367,0.088553493,1.048436893,0.415715609,0.157623043,0.572433948,0.037990558,0.088553493,1.839585701,16015000
Guinea,Africa,2014,0.361450522,0.708684562,0.587522172,0.287078998,0.04312685,1.987863103,0.405745051,0.383709924,0.419634652,0.04342568,0.04312685,1.462458605,12276000
Guinea-Bissau,Africa,2014,0.519745425,0.33220835,0.3101213,1.671321206,0.065965714,2.899361996,0.173052112,0.335934853,0.600608907,0.002003551,0.065965714,1.279567528,1801000
Guyana,Latin America and the Caribbean,2014,0.787026306,1.583790993,60.98477365,5.376086119,0.070200824,68.80187789,0.639213443,0.110549009,0.77417085,0.038983033,0.070200824,2.872008587,764000
Haiti,Latin America and the Caribbean,2014,0.236820038,0.031488199,0.007839493,0.011670644,0.035793331,0.323611705,0.350894579,0.036417426,0.096239285,0.017008071,0.035793331,0.673119432,10572000
Honduras,Latin America and the Caribbean,2014,0,0,0,0,0,1.729550008,0,0,0,0,0,1.661326987,7962000
Hungary,Europe,2014,1.744280923,0.059304395,0.694481443,0.004772937,0.17978923,2.682628928,0.91137688,0.063842782,0.372966595,0.020787377,0.17978923,3.603739196,9890000
India,Asia,2014,0.34907593,0.003251691,0.021468208,0.028392197,0.049985506,0.452173533,0.334493714,0.007904946,0.128853718,0.016448153,0.049985506,1.120082775,1295292000
Indonesia,Asia,2014,0.494505933,0.05532244,0.284258422,0.374437113,0.062521244,1.271045152,0.464630141,0.029915277,0.21005249,0.22849741,0.062521244,1.608079712,254455000
"Iran, Islamic Republic of",Asia,2014,0.361002661,0.069917299,0.061279113,0.191500058,0.0714249,0.755124032,0.565358962,0.090102944,0.058411697,0.136678962,0.0714249,3.404047724,78144000
Iraq,Asia,2014,0.233630547,0.017669221,0.043955186,0.002049164,0.050620099,0.347924217,0.479828051,0.032526457,0.019095769,0.01175569,0.050620099,2.06668643,35273000
Ireland,Europe,2014,0.624770474,0.745028695,0.495852343,1.47576358,0.101228202,3.442643293,1.045423834,0.411332701,0.42770127,0.136440491,0.101228202,4.706650589,4675000
Israel,Asia,2014,0.154900037,0.006471626,0.032126524,0.01559108,0.059134658,0.268223925,0.807150691,0.240854679,0.335019231,0.083450037,0.059134658,4.679560706,7939000
Italy,Europe,2014,0.445813416,0.041924953,0.338046493,0.062187699,0.049013711,0.936986272,0.814513509,0.312491956,0.461416287,0.128279298,0.049013711,4.292110012,59821000
Jamaica,Latin America and the Caribbean,2014,0.157791723,0,0.102174447,0.114202505,0.045566433,0.419735108,0.427423142,0.077263287,0.181303604,0.080869181,0.045566433,1.773236744,2783000
Japan,Asia,2014,0.092488877,0.004727198,0.347431443,0.101072645,0.058817816,0.604537979,0.463006883,0.108003985,0.251481563,0.339120243,0.058817816,4.744244534,126795000
Jordan,Asia,2014,0.091148557,0.016800283,0.024707709,0.002762596,0.073825567,0.209244712,0.496958089,0.140427947,0.180530126,0.031659654,0.073825567,2.136058544,7416000
Kazakhstan,Asia,2014,1.304757793,1.824891018,0.224246759,0.053343189,0.039621473,3.446860231,0.947307164,0.185312933,0.110009523,0.02595459,0.039621473,5.813344162,17372000
Kenya,Africa,2014,0.225740131,0.229289561,0.016489125,0.01802369,0.043260794,0.532803301,0.255564549,0.227882942,0.260645028,0.043659183,0.043260794,1.039112749,44864000
Kiribati,Oceania,2014,0,0,0,0,0,1.287747839,0,0,0,0,0,5.843356484,110000
"Korea, Democratic People's Republic of",Asia,2014,0.240931108,0.001482695,0.197414207,0.094176519,0.058324752,0.592329281,0.285597699,0.001652778,0.137451343,0.024360631,0.058324752,2.87259366,25027000
"Korea, Republic of",Asia,2014,0.13741215,0.000887257,0.09056992,0.395550693,0.061556417,0.685976437,0.712895527,0.126808448,0.216904768,0.478766875,0.061556417,5.815715949,50074000
Kuwait,Asia,2014,0.034699508,0.006101019,0.003129607,0.323913492,0.243153033,0.61099666,0.623584595,0.311122247,0.199018623,0.076059862,0.243153033,7.649152593,3753000
Kyrgyzstan,Asia,2014,0.342306664,0.593005139,0.056655445,0.051275053,0.062530172,1.105772473,0.458373688,0.224243148,0.111094061,0.016009737,0.062530172,1.753071348,5844000
Lao People's Democratic Republic,Asia,2014,0.745564381,0.124589215,0.78218073,0.032980282,0.146023672,1.83133828,0.769501391,0.122167429,0.573655691,0.020102747,0.146023672,1.784002054,6689000
Latvia,Europe,2014,1.423206594,0.323417332,4.190570631,2.014588995,0.056018587,8.007802139,0.981874069,0.156168386,2.421409582,0.20763863,0.056018587,5.625795393,1989000
Lebanon,Asia,2014,0.156015117,0.037527115,0.045950927,0.006088282,0.06503351,0.310614952,0.596831173,0.26485523,0.225210765,0.049919363,0.06503351,3.353890617,5612000
Lesotho,Africa,2014,0.049654529,0.724025476,0.002571393,0,0.009969924,0.786221322,0.196622098,0.330424127,0.400714155,0.010640138,0.009969924,1.462411247,2109000
Liberia,Africa,2014,0.152565761,0.588200258,1.348529399,0.308632853,0.034128308,2.432056579,0.230192424,0.029530526,0.766741005,0.046060996,0.034128308,1.195187664,4397000
Libyan Arab Jamahiriya,Africa,2014,0.170711247,0.225960037,0.019587146,0.252721283,0.020214543,0.689194257,0.909503867,0.363324667,0.121528862,0.098825448,0.020214543,4.33438617,6259000
Lithuania,Europe,2014,2.326515508,0.111448954,2.150305682,0.310424435,0.099140443,4.997835022,1.313571752,0.240018845,1.407349091,0.372289883,0.099140443,5.796873709,2917000
Luxembourg,Europe,2014,0.372713351,0.073326238,0.827724564,0.0006864,0.101361259,1.375811812,1.087503449,0.715657307,0.785595156,0.147009006,0.101361259,12.28484212,557000
Macedonia TFYR,Europe,2014,0.476947246,0.168945742,0.927460536,0.016606781,0.028835401,1.618795706,0.688374263,0.225748592,0.292605057,0.032882289,0.028835401,3.081527149,2076000
Madagascar,Africa,2014,0.239716951,1.240810053,0.746328911,0.202920092,0.055661637,2.485437644,0.250310899,0.342522859,0.229538627,0.02253514,0.055661637,0.976587643,23572000
Malawi,Africa,2014,0.459302473,0.072008078,0.021363035,0.053297262,0.056335896,0.662306743,0.440443421,0.052325219,0.186187793,0.013002072,0.056335896,0.824202782,16695000
Malaysia,Asia,2014,0.759929439,0.01364016,0.710525014,0.828894195,0.075265005,2.388253813,0.643667627,0.134253243,0.350501929,0.413962016,0.075265005,4.422594097,29902000
Mali,Africa,2014,0.561033348,0.623244325,0.211066443,0.04304011,0.072218115,1.510602341,0.531521235,0.581929448,0.158668245,0.034114561,0.072218115,1.538089365,17086000
Malta,Europe,2014,0.094100625,0,0.000748948,0.47484349,0.050797607,0.62049067,0.803425146,0.345544049,0.211646263,0.530405728,0.050797607,4.888544214,418000
Martinique,Latin America and the Caribbean,2014,0,0,0,0,0,0.376130593,0,0,0,0,0,4.467807219,396000
Mauritania,Africa,2014,0.119278355,2.811068576,0.043206232,1.328095663,0.049244366,4.350893192,0.400125774,1.318511397,0.204025624,0.008611029,0.049244366,2.303236601,3970000
Mauritius,Africa,2014,0,0,0,0,0,0.711835059,0,0,0,0,0,3.495044293,1269000
Mexico,Latin America and the Caribbean,2014,0.341351016,0.234328798,0.445763724,0.134698358,0.04584779,1.201989686,0.504132909,0.245427854,0.25029523,0.07777437,0.04584779,2.548578354,125386000
"Micronesia, Federated States of",Oceania,2014,0,0,0,0,0,3.829960065,0,0,0,0,0,5.68478836,104000
Moldova,Europe,2014,0.950106446,0.060374122,0.085767515,0.008848422,0.055023732,1.160120237,0.665640638,0.068999175,0.226125727,0.05602529,0.055023732,1.927385013,4072000
Mongolia,Asia,2014,0.213522927,7.955729627,6.590330471,0.133436331,0.065673785,14.95869314,0.28378191,4.589000451,0.162906106,0.003872621,0.065673785,9.49986957,2910000
Montenegro,Europe,2014,0.055839692,0.107279323,2.591725831,0.242595647,0.020571218,3.018011711,0.573663759,0.277866212,0.513345869,0.054389386,0.020571218,3.416702745,625000
Montserrat,Latin America and the Caribbean,2014,0,0,0,0,0,1.350898039,0,0,0,0,0,4.626123841,5000
Morocco,Africa,2014,0.399250766,0.165035117,0.093683129,0.071870082,0.040529811,0.770368905,0.590844519,0.164801894,0.154808989,0.089320072,0.040529811,1.749562583,33921000
Mozambique,Africa,2014,0.244354152,0.894183114,0.552810119,0.15540096,0.049996915,1.89674526,0.283779367,0.030674128,0.271216133,0.027493184,0.049996915,0.869687212,27216000
Myanmar,Asia,2014,0.943368628,0.004774114,0.530353597,0.284100662,0.119043048,1.881640049,0.860316638,0.005477577,0.331934638,0.051331445,0.119043048,1.548677784,53437000
Namibia,Africa,2014,0.137549479,1.518166932,0.328845915,4.514283337,0.019803384,6.518649047,0.335598007,0.169916452,0.243692854,0.246360827,0.019803384,2.086595475,2403000
Nepal,Asia,2014,0.3864916,0.047150266,0.058171204,0.004998311,0.109888903,0.606700284,0.439560727,0.060005418,0.209811332,0.004817574,0.109888903,1.026344543,28175000
Netherlands,Europe,2014,0.227461397,0.043001267,0.078022887,0.426335133,0.08940336,0.864224044,0.996576422,0.506549335,0.39778142,0.077867817,0.08940336,5.923473087,16868000
Nicaragua,Latin America and the Caribbean,2014,0.362536706,0.587926191,0.729382204,0.490598792,0.043130525,2.213574418,0.287030725,0.255036469,0.418839559,0.030580757,0.043130525,1.475227205,6014000
Niger,Africa,2014,0.875140669,0.465919954,0.04543318,0.000577112,0.041633506,1.428704421,0.903220857,0.452335704,0.244835437,0.024510238,0.041633506,1.755182759,19114000
Nigeria,Africa,2014,0.506344123,0.11359229,0.014100983,0.017804969,0.05233098,0.704173344,0.539949746,0.094684026,0.187596774,0.060936117,0.05233098,1.115306778,177476000
Norway,Europe,2014,0.282180375,0.595296499,3.49523744,2.983670503,0.05521287,7.411597687,0.965323944,0.327358839,0.895567858,1.003321133,0.05521287,6.032746434,5148000
Oman,Asia,2014,0.049597902,0.034410635,0.000887299,1.271911016,0.184942117,1.541748969,0.452703132,0.340214874,0.151006765,0.335028682,0.184942117,6.315752258,4236000
Pakistan,Asia,2014,0.307451618,0.003791139,0.008764854,0.034904131,0.042505098,0.39741684,0.312222434,0.001096922,0.082634586,0.0140419,0.042505098,0.788661662,185044000
Panama,Latin America and the Caribbean,2014,0.14723771,0.427861549,1.687561428,0.599877478,0.026672347,2.889210511,0.358272813,0.40328326,0.180740459,0.329823278,0.026672347,2.32487834,3868000
Papua New Guinea,Oceania,2014,0.404268387,0.036206267,2.533678638,0.703083923,0.156084387,3.833321604,0.33149305,0.040738616,0.359939649,0.702359781,0.156084387,1.849228212,7464000
Paraguay,Latin America and the Caribbean,2014,2.466455133,2.34691694,5.382388668,0.053039465,0.123533305,10.37233351,0.776196821,1.446684986,0.871800993,0.007932602,0.123533305,3.675733926,6553000
Peru,Latin America and the Caribbean,2014,0.32195654,0.502906331,2.697459324,0.198213658,0.067697847,3.788233699,0.456103457,0.491086016,0.185732636,0.364451206,0.067697847,2.294237472,30973000
Philippines,Asia,2014,0.343180836,0.015671951,0.093094526,0.066441719,0.060056538,0.578445571,0.35708093,0.02580577,0.093490062,0.204391058,0.060056538,1.104289718,99139000
Poland,Europe,2014,1.058725674,0.066727254,0.75440923,0.107192472,0.088710762,2.075765392,0.836747909,0.046973971,0.844607146,0.07046321,0.088710762,4.442619659,38620000
Portugal,Europe,2014,0.252336872,0.06392476,0.85527484,0.07429165,0.024468741,1.270296863,0.838881159,0.27329386,0.137646374,0.325768577,0.024468741,3.687876485,10402000
Qatar,Asia,2014,0.008890859,8.50E-05,0,1.116275852,0.052148931,1.177400635,0.491825362,0.302089604,0.203046804,0.190718122,0.052148931,15.65398181,2172000
Réunion,Africa,2014,0,0,0,0,0,0.186221978,0,0,0,0,0,5.433471441,855000
Romania,Europe,2014,1.228234347,0.12242085,1.275366681,0.092618214,0.159545909,2.878186001,0.793326417,0.067791767,0.349461384,0.036216794,0.159545909,2.798524692,19652000
Russian Federation,Europe,2014,0.968268991,0.344267428,4.332732888,1.194291885,0.037207863,6.876769056,0.9247617,0.146556739,0.683847511,0.198161059,0.037207863,5.568220041,143429000
Rwanda,Africa,2014,0.351389059,0.051975704,0.014356248,0.005414143,0.047568212,0.470703366,0.351889107,0.034859483,0.247591545,0.012236618,0.047568212,0.775231504,11342000
Saint Lucia,Latin America and the Caribbean,2014,0.082190837,0.001493426,0.093951757,0.140583465,0.001923422,0.320142908,0.369771635,0.102309454,0.109695202,0.250906776,0.001923422,2.051343528,184000
Samoa,Oceania,2014,0,0,0,0,0,1.878051337,0,0,0,0,0,2.386064846,192000
Sao Tome and Principe,Africa,2014,0,0,0,0,0,1.019811407,0,0,0,0,0,1.785786411,186000
Saudi Arabia,Asia,2014,0.054600238,0.109740025,0.059446753,0.165125455,0.024575796,0.413488266,0.744028376,0.237494406,0.217068237,0.079347718,0.024575796,6.002629332,30887000
Senegal,Africa,2014,0.201449729,0.16515801,0.426198855,0.162084301,0.026325066,0.981215961,0.3207615,0.188025582,0.199600612,0.108771516,0.026325066,1.111991705,14673000
Serbia,Europe,2014,1.090953888,0.017694281,0.494621585,0.003519955,0.064315749,1.671105458,0.806878115,0.006191772,0.485201537,0.029192916,0.064315749,2.918717046,8893000
Sierra Leone,Africa,2014,0.454900497,0.337747235,0.186127012,0.214200987,0.05946452,1.25244025,0.505306432,0.10752199,0.361930843,0.110927366,0.05946452,1.226873206,6316000
Singapore,Asia,2014,0.000882023,0,0.002384712,0.013125142,0.042258644,0.058650521,0.583682877,0.236097871,0.346808203,0.234337289,0.042258644,5.85738805,5507000
Slovakia,Europe,2014,0.958279576,0.055317627,1.838969546,0.002184928,0.125234131,2.979985807,0.650187386,0.132817245,0.674869541,0.042101587,0.125234131,4.195545513,5423000
Slovenia,Europe,2014,0.300963447,0.086826107,1.85566008,0.004252922,0.024921849,2.272624405,0.656669925,0.182056083,0.93016321,0.046552405,0.024921849,4.675454359,2066000
Somalia,Africa,2014,0.052666399,0.552489435,0.210679592,0.326842269,0.032934289,1.175611983,0.129076617,0.458285134,0.530630235,0.005757385,0.032934289,1.2088653,10518000
South Africa,Africa,2014,0.293456403,0.563987595,0.019347229,0.166106439,0.035049346,1.077947013,0.33380893,0.109995929,0.233864395,0.08896153,0.035049346,3.415378922,53969000
South Sudan,Africa,2014,0.262876014,0.989064319,0.33946147,0,0.047568176,1.638969979,0.310986686,0.989305571,0.14595795,0.004936123,0.047568176,1.542089326,11911000
Spain,Europe,2014,0.794662173,0.098343729,0.33712952,0.059184248,0.038755653,1.328075323,0.842889373,0.148714572,0.210784216,0.376544602,0.038755653,3.805943048,46260000
Sri Lanka,Asia,2014,0.290278217,0.020249265,0.045105864,0.069376453,0.056385407,0.481395207,0.347169539,0.010432158,0.176876145,0.280805249,0.056385407,1.531969411,20619000
Sudan,Africa,2014,0.464641646,0.350014438,0.278303188,0.017978183,0.038348491,1.149285945,0.526948508,0.346907924,0.177520572,0.001111532,0.038348491,1.21832635,39350000
Suriname,Latin America and the Caribbean,2014,0.404774361,0.028789023,80.26893646,7.414159105,0.095743393,88.21240235,0.551988645,0.08517688,0.54885757,0.210465059,0.095743393,3.635389806,538000
Swaziland,Africa,2014,0.265970369,0.500203244,0.051763157,0.004635584,0.070146186,0.89271854,0.340087461,0.41564807,0.849963772,0.019015149,0.070146186,2.398095319,1269000
Sweden,Europe,2014,0.747121458,0.212934961,6.47247403,2.169938015,0.140698795,9.74316726,1.016282362,0.42485415,1.610214633,0.14508236,0.140698795,6.591055088,9703000
Switzerland,Europe,2014,0.176876872,0.113466841,0.721423638,0.00636569,0.068338712,1.086471753,0.663587536,0.219505448,0.346129233,0.071217293,0.068338712,4.850440134,8211000
Syrian Arab Republic,Asia,2014,0.307047576,0.116274368,0.049154316,0.004414665,0.029263567,0.506154492,0.515147484,0.097075709,0.02925628,0.010582358,0.029263567,1.46057601,18772000
Tajikistan,Asia,2014,0.295961892,0.134868079,0.006316989,0.011479506,0.093521232,0.542147697,0.423869949,0.137678745,0.112038277,0.002655051,0.093521232,0.968447238,8296000
"Tanzania, United Republic of",Africa,2014,0.631954674,0.312920626,0.151451269,0.056675959,0.083787092,1.23678962,0.612631143,0.31317351,0.218834096,0.073588255,0.083787092,1.466763219,51823000
Thailand,Asia,2014,0.803529181,0.010606918,0.194118836,0.193980257,0.069450788,1.27168598,0.643242552,0.017009642,0.200763628,0.138787416,0.069450788,2.492449712,67726000
Timor-Leste,Asia,2014,0.190396973,0.059242655,0.48371323,0.91720002,0.040712254,1.691265131,0.258862043,0.064299391,0.038772658,0.02426501,0.040712254,0.566357047,1157000
Togo,Africa,2014,0.361565006,0.112192049,0.021969614,0.020238605,0.026387066,0.542352339,0.386854356,0.097943221,0.250733932,0.060641336,0.026387066,1.106773529,7115000
Tonga,Oceania,2014,0,0,0,0,0,1.58890531,0,0,0,0,0,3.302010847,106000
Trinidad and Tobago,Latin America and the Caribbean,2014,0.047960337,0.006090871,0.145689602,1.360856977,0.001308062,1.56190585,0.482632085,0.19397597,0.390380551,0.124375121,0.001308062,6.689615088,1354000
Tunisia,Africa,2014,0.397384904,0.079974682,0.052322252,0.232507988,0.02675763,0.788947456,0.650371064,0.089719548,0.250720352,0.074040809,0.02675763,2.172339815,11130000
Turkey,Asia,2014,0.700821009,0.088717138,0.574034263,0.041666742,0.034092161,1.439331313,0.802071787,0.108725564,0.321545394,0.029696491,0.034092161,3.20786067,77524000
Turkmenistan,Asia,2014,0.470317603,1.927043287,0.014633907,0.125885026,0.070976808,2.608856631,0.543978495,0.582312505,0.085601571,0.007457058,0.070976808,5.563078698,5307000
Uganda,Africa,2014,0.320001241,0.145950041,0.00989698,0.039929039,0.035847523,0.551624823,0.294869642,0.144744445,0.513101029,0.09728994,0.035847523,1.186947869,37783000
Ukraine,Europe,2014,1.857681448,0.144125034,0.428633126,0.153065257,0.083908296,2.66741316,1.020675063,0.016056752,0.146292672,0.076234748,0.083908296,2.963994838,45002000
United Arab Emirates,Asia,2014,0.02388593,0.0012394,0.066505548,0.46524199,0,0.556872868,0.839851395,0.244828637,0.512796903,0.301698174,0,9.752580855,9086000
United Kingdom,Europe,2014,0.512192186,0.115578939,0.122174043,0.2994725,0.15563516,1.205052827,0.83242341,0.249947415,0.483055357,0.081926234,0.15563516,4.799216134,64331000
United States of America,North America,2014,1.341757927,0.27857943,1.549343419,0.330624398,0.083459448,3.583764622,1.039327115,0.298852503,0.831752575,0.13521935,0.083459448,8.366051558,319449000
Uruguay,Latin America and the Caribbean,2014,1.908802333,4.85339356,1.231098951,2.185132454,0.145689415,10.32411671,0.236225377,1.357100891,0.39014977,0.054283664,0.145689415,2.981182412,3420000
Uzbekistan,Asia,2014,0.534805983,0.190739736,0.056276217,0.02744908,0.080183451,0.889454467,0.584944705,0.175285557,0.092747,0.005296216,0.080183451,2.170705887,29470000
Vanuatu,Oceania,2014,0,0,0,0,0,2.361576044,0,0,0,0,0,3.796226007,259000
"Venezuela, Bolivarian Republic of",Latin America and the Caribbean,2014,0.132978646,0.562658536,1.719959815,0.238049491,0.034962785,2.688609272,0.459584486,0.766616908,0.113567626,0.081115669,0.034962785,3.271243368,30694000
Viet Nam,Asia,2014,0.594846395,0.009226516,0.169623237,0.159986658,0.112355596,1.046038401,0.589836233,0.010110342,0.188275043,0.046560645,0.112355596,1.73407381,92423000
Yemen,Asia,2014,0.060886099,0.111150515,0.0394043,0.188354247,0.029481749,0.429276909,0.264564789,0.139436055,0.041573599,0.03982264,0.029481749,1.007929652,26184000
Zambia,Africa,2014,0.226306747,0.846422897,0.874518693,0.021563847,0.039779961,2.008592145,0.199359561,0.159753857,0.303949266,0.034802299,0.039779961,0.953958895,15721000
Zimbabwe,Africa,2014,0.118703549,0.288349008,0.106247844,0.009429908,0.018115059,0.540845367,0.157530302,0.288169511,0.266993099,0.007962904,0.018115059,1.0881328,15246000
Libya,Africa,2014,0,0,0,0,0,0,0,0,0,0,0,0,0
Egypt,Africa,2014,0,0,0,0,0,0,0,0,0,0,0,0,0
Iran,Asia,2014,0,0,0,0,0,0,0,0,0,0,0,0,0
Central African Republic,Africa,2014,0,0,0,0,0,0,0,0,0,0,0,0,0
Tanzania,Africa,2014,0,0,0,0,0,0,0,0,0,0,0,0,0
